{
  "original": {
    "models": {
      "log": {
        "params": {
          "a": 582.6194395448089,
          "b": -751.0406763848356
        },
        "r_squared": 0.8373948899711467
      },
      "power": {
        "params": {
          "a": 52.191274687093674,
          "b": 0.8920064803362733
        },
        "r_squared": 0.992154534392871
      }
    },
    "best_model": "power",
    "best_r_squared": 0.992154534392871,
    "projection": {
      "model": "power",
      "marginal_below_1_at": 1000000000000
    }
  },
  "combined": {
    "models": {
      "log": {
        "params": {
          "a": 1077.1478269628044,
          "b": -2034.5480708911025
        },
        "r_squared": 0.7886997783390022
      },
      "power": {
        "params": {
          "a": 35.67308026214445,
          "b": 0.9998778517533923
        },
        "r_squared": 0.9969846310367284
      }
    },
    "best_model": "power",
    "best_r_squared": 0.9969846310367284,
    "projection": {
      "model": "power",
      "marginal_below_1_at": 1000000000000
    }
  }
}